CustomerID,FirstName,LastName,DOB,Gender,Phone,Email,Address,City,State,Pincode,KYCTier
CUST001,First1,Last1,1985-01-01,F,9000000001,user1@mail.com,1 Street Lane,Hyderabad,TS,500001,Tier2
CUST002,First2,Last2,1985-01-01,M,9000000002,user2@mail.com,2 Street Lane,Hyderabad,TS,500001,Tier1
CUST003,First3,Last3,1985-01-01,F,9000000003,user3@mail.com,3 Street Lane,Hyderabad,TS,500001,Tier2
CUST004,First4,Last4,1985-01-01,M,9000000004,user4@mail.com,4 Street Lane,Hyderabad,TS,500001,Tier1
CUST005,First5,Last5,1985-01-01,F,9000000005,user5@mail.com,5 Street Lane,Hyderabad,TS,500001,Tier2
CUST006,First6,Last6,1985-01-01,M,9000000006,user6@mail.com,6 Street Lane,Hyderabad,TS,500001,Tier1
CUST007,First7,Last7,1985-01-01,F,9000000007,user7@mail.com,7 Street Lane,Hyderabad,TS,500001,Tier2
CUST008,First8,Last8,1985-01-01,M,9000000008,user8@mail.com,8 Street Lane,Hyderabad,TS,500001,Tier1
CUST009,First9,Last9,1985-01-01,F,9000000009,user9@mail.com,9 Street Lane,Hyderabad,TS,500001,Tier2
CUST010,First10,Last10,1985-01-01,M,9000000010,user10@mail.com,10 Street Lane,Hyderabad,TS,500001,Tier1
CUST011,First11,Last11,1985-01-01,F,9000000011,user11@mail.com,11 Street Lane,Hyderabad,TS,500001,Tier2
CUST012,First12,Last12,1985-01-01,M,9000000012,user12@mail.com,12 Street Lane,Hyderabad,TS,500001,Tier1
CUST013,First13,Last13,1985-01-01,F,9000000013,user13@mail.com,13 Street Lane,Hyderabad,TS,500001,Tier2
CUST014,First14,Last14,1985-01-01,M,9000000014,user14@mail.com,14 Street Lane,Hyderabad,TS,500001,Tier1
CUST015,First15,Last15,1985-01-01,F,9000000015,user15@mail.com,15 Street Lane,Hyderabad,TS,500001,Tier2
CUST016,First16,Last16,1985-01-01,M,9000000016,user16@mail.com,16 Street Lane,Hyderabad,TS,500001,Tier1
CUST017,First17,Last17,1985-01-01,F,9000000017,user17@mail.com,17 Street Lane,Hyderabad,TS,500001,Tier2
CUST018,First18,Last18,1985-01-01,M,9000000018,user18@mail.com,18 Street Lane,Hyderabad,TS,500001,Tier1
CUST019,First19,Last19,1985-01-01,F,9000000019,user19@mail.com,19 Street Lane,Hyderabad,TS,500001,Tier2
CUST020,First20,Last20,1985-01-01,M,9000000020,user20@mail.com,20 Street Lane,Hyderabad,TS,500001,Tier1
CUST021,First21,Last21,1985-01-01,F,9000000021,user21@mail.com,21 Street Lane,Hyderabad,TS,500001,Tier2
CUST022,First22,Last22,1985-01-01,M,9000000022,user22@mail.com,22 Street Lane,Hyderabad,TS,500001,Tier1
CUST023,First23,Last23,1985-01-01,F,9000000023,user23@mail.com,23 Street Lane,Hyderabad,TS,500001,Tier2
CUST024,First24,Last24,1985-01-01,M,9000000024,user24@mail.com,24 Street Lane,Hyderabad,TS,500001,Tier1
CUST025,First25,Last25,1985-01-01,F,9000000025,user25@mail.com,25 Street Lane,Hyderabad,TS,500001,Tier2
CUST026,First26,Last26,1985-01-01,M,9000000026,user26@mail.com,26 Street Lane,Hyderabad,TS,500001,Tier1
CUST027,First27,Last27,1985-01-01,F,9000000027,user27@mail.com,27 Street Lane,Hyderabad,TS,500001,Tier2
CUST028,First28,Last28,1985-01-01,M,9000000028,user28@mail.com,28 Street Lane,Hyderabad,TS,500001,Tier1
CUST029,First29,Last29,1985-01-01,F,9000000029,user29@mail.com,29 Street Lane,Hyderabad,TS,500001,Tier2
CUST030,First30,Last30,1985-01-01,M,9000000030,user30@mail.com,30 Street Lane,Hyderabad,TS,500001,Tier1
CUST031,First31,Last31,1985-01-01,F,9000000031,user31@mail.com,31 Street Lane,Hyderabad,TS,500001,Tier2
CUST032,First32,Last32,1985-01-01,M,9000000032,user32@mail.com,32 Street Lane,Hyderabad,TS,500001,Tier1
CUST033,First33,Last33,1985-01-01,F,9000000033,user33@mail.com,33 Street Lane,Hyderabad,TS,500001,Tier2
CUST034,First34,Last34,1985-01-01,M,9000000034,user34@mail.com,34 Street Lane,Hyderabad,TS,500001,Tier1
CUST035,First35,Last35,1985-01-01,F,9000000035,user35@mail.com,35 Street Lane,Hyderabad,TS,500001,Tier2
CUST036,First36,Last36,1985-01-01,M,9000000036,user36@mail.com,36 Street Lane,Hyderabad,TS,500001,Tier1
CUST037,First37,Last37,1985-01-01,F,9000000037,user37@mail.com,37 Street Lane,Hyderabad,TS,500001,Tier2
CUST038,First38,Last38,1985-01-01,M,9000000038,user38@mail.com,38 Street Lane,Hyderabad,TS,500001,Tier1
CUST039,First39,Last39,1985-01-01,F,9000000039,user39@mail.com,39 Street Lane,Hyderabad,TS,500001,Tier2
CUST040,First40,Last40,1985-01-01,M,9000000040,user40@mail.com,40 Street Lane,Hyderabad,TS,500001,Tier1
CUST041,First41,Last41,1985-01-01,F,9000000041,user41@mail.com,41 Street Lane,Hyderabad,TS,500001,Tier2
CUST042,First42,Last42,1985-01-01,M,9000000042,user42@mail.com,42 Street Lane,Hyderabad,TS,500001,Tier1
CUST043,First43,Last43,1985-01-01,F,9000000043,user43@mail.com,43 Street Lane,Hyderabad,TS,500001,Tier2
CUST044,First44,Last44,1985-01-01,M,9000000044,user44@mail.com,44 Street Lane,Hyderabad,TS,500001,Tier1
CUST045,First45,Last45,1985-01-01,F,9000000045,user45@mail.com,45 Street Lane,Hyderabad,TS,500001,Tier2
CUST046,First46,Last46,1985-01-01,M,9000000046,user46@mail.com,46 Street Lane,Hyderabad,TS,500001,Tier1
CUST047,First47,Last47,1985-01-01,F,9000000047,user47@mail.com,47 Street Lane,Hyderabad,TS,500001,Tier2
CUST048,First48,Last48,1985-01-01,M,9000000048,user48@mail.com,48 Street Lane,Hyderabad,TS,500001,Tier1
CUST049,First49,Last49,1985-01-01,F,9000000049,user49@mail.com,49 Street Lane,Hyderabad,TS,500001,Tier2
CUST050,First50,Last50,1985-01-01,M,9000000050,user50@mail.com,50 Street Lane,Hyderabad,TS,500001,Tier1
CUST051,First51,Last51,1985-01-01,F,9000000051,user51@mail.com,51 Street Lane,Hyderabad,TS,500001,Tier2
CUST052,First52,Last52,1985-01-01,M,9000000052,user52@mail.com,52 Street Lane,Hyderabad,TS,500001,Tier1
CUST053,First53,Last53,1985-01-01,F,9000000053,user53@mail.com,53 Street Lane,Hyderabad,TS,500001,Tier2
CUST054,First54,Last54,1985-01-01,M,9000000054,user54@mail.com,54 Street Lane,Hyderabad,TS,500001,Tier1
CUST055,First55,Last55,1985-01-01,F,9000000055,user55@mail.com,55 Street Lane,Hyderabad,TS,500001,Tier2
CUST056,First56,Last56,1985-01-01,M,9000000056,user56@mail.com,56 Street Lane,Hyderabad,TS,500001,Tier1
CUST057,First57,Last57,1985-01-01,F,9000000057,user57@mail.com,57 Street Lane,Hyderabad,TS,500001,Tier2
CUST058,First58,Last58,1985-01-01,M,9000000058,user58@mail.com,58 Street Lane,Hyderabad,TS,500001,Tier1
CUST059,First59,Last59,1985-01-01,F,9000000059,user59@mail.com,59 Street Lane,Hyderabad,TS,500001,Tier2
CUST060,First60,Last60,1985-01-01,M,9000000060,user60@mail.com,60 Street Lane,Hyderabad,TS,500001,Tier1
CUST061,First61,Last61,1985-01-01,F,9000000061,user61@mail.com,61 Street Lane,Hyderabad,TS,500001,Tier2
CUST062,First62,Last62,1985-01-01,M,9000000062,user62@mail.com,62 Street Lane,Hyderabad,TS,500001,Tier1
CUST063,First63,Last63,1985-01-01,F,9000000063,user63@mail.com,63 Street Lane,Hyderabad,TS,500001,Tier2
CUST064,First64,Last64,1985-01-01,M,9000000064,user64@mail.com,64 Street Lane,Hyderabad,TS,500001,Tier1
CUST065,First65,Last65,1985-01-01,F,9000000065,user65@mail.com,65 Street Lane,Hyderabad,TS,500001,Tier2
CUST066,First66,Last66,1985-01-01,M,9000000066,user66@mail.com,66 Street Lane,Hyderabad,TS,500001,Tier1
CUST067,First67,Last67,1985-01-01,F,9000000067,user67@mail.com,67 Street Lane,Hyderabad,TS,500001,Tier2
CUST068,First68,Last68,1985-01-01,M,9000000068,user68@mail.com,68 Street Lane,Hyderabad,TS,500001,Tier1
CUST069,First69,Last69,1985-01-01,F,9000000069,user69@mail.com,69 Street Lane,Hyderabad,TS,500001,Tier2
CUST070,First70,Last70,1985-01-01,M,9000000070,user70@mail.com,70 Street Lane,Hyderabad,TS,500001,Tier1
CUST071,First71,Last71,1985-01-01,F,9000000071,user71@mail.com,71 Street Lane,Hyderabad,TS,500001,Tier2
CUST072,First72,Last72,1985-01-01,M,9000000072,user72@mail.com,72 Street Lane,Hyderabad,TS,500001,Tier1
CUST073,First73,Last73,1985-01-01,F,9000000073,user73@mail.com,73 Street Lane,Hyderabad,TS,500001,Tier2
CUST074,First74,Last74,1985-01-01,M,9000000074,user74@mail.com,74 Street Lane,Hyderabad,TS,500001,Tier1
CUST075,First75,Last75,1985-01-01,F,9000000075,user75@mail.com,75 Street Lane,Hyderabad,TS,500001,Tier2
CUST076,First76,Last76,1985-01-01,M,9000000076,user76@mail.com,76 Street Lane,Hyderabad,TS,500001,Tier1
CUST077,First77,Last77,1985-01-01,F,9000000077,user77@mail.com,77 Street Lane,Hyderabad,TS,500001,Tier2
CUST078,First78,Last78,1985-01-01,M,9000000078,user78@mail.com,78 Street Lane,Hyderabad,TS,500001,Tier1
CUST079,First79,Last79,1985-01-01,F,9000000079,user79@mail.com,79 Street Lane,Hyderabad,TS,500001,Tier2
CUST080,First80,Last80,1985-01-01,M,9000000080,user80@mail.com,80 Street Lane,Hyderabad,TS,500001,Tier1
CUST081,First81,Last81,1985-01-01,F,9000000081,user81@mail.com,81 Street Lane,Hyderabad,TS,500001,Tier2
CUST082,First82,Last82,1985-01-01,M,9000000082,user82@mail.com,82 Street Lane,Hyderabad,TS,500001,Tier1
CUST083,First83,Last83,1985-01-01,F,9000000083,user83@mail.com,83 Street Lane,Hyderabad,TS,500001,Tier2
CUST084,First84,Last84,1985-01-01,M,9000000084,user84@mail.com,84 Street Lane,Hyderabad,TS,500001,Tier1
CUST085,First85,Last85,1985-01-01,F,9000000085,user85@mail.com,85 Street Lane,Hyderabad,TS,500001,Tier2
CUST086,First86,Last86,1985-01-01,M,9000000086,user86@mail.com,86 Street Lane,Hyderabad,TS,500001,Tier1
CUST087,First87,Last87,1985-01-01,F,9000000087,user87@mail.com,87 Street Lane,Hyderabad,TS,500001,Tier2
CUST088,First88,Last88,1985-01-01,M,9000000088,user88@mail.com,88 Street Lane,Hyderabad,TS,500001,Tier1
CUST089,First89,Last89,1985-01-01,F,9000000089,user89@mail.com,89 Street Lane,Hyderabad,TS,500001,Tier2
CUST090,First90,Last90,1985-01-01,M,9000000090,user90@mail.com,90 Street Lane,Hyderabad,TS,500001,Tier1
CUST091,First91,Last91,1985-01-01,F,9000000091,user91@mail.com,91 Street Lane,Hyderabad,TS,500001,Tier2
CUST092,First92,Last92,1985-01-01,M,9000000092,user92@mail.com,92 Street Lane,Hyderabad,TS,500001,Tier1
CUST093,First93,Last93,1985-01-01,F,9000000093,user93@mail.com,93 Street Lane,Hyderabad,TS,500001,Tier2
CUST094,First94,Last94,1985-01-01,M,9000000094,user94@mail.com,94 Street Lane,Hyderabad,TS,500001,Tier1
CUST095,First95,Last95,1985-01-01,F,9000000095,user95@mail.com,95 Street Lane,Hyderabad,TS,500001,Tier2
CUST096,First96,Last96,1985-01-01,M,9000000096,user96@mail.com,96 Street Lane,Hyderabad,TS,500001,Tier1
CUST097,First97,Last97,1985-01-01,F,9000000097,user97@mail.com,97 Street Lane,Hyderabad,TS,500001,Tier2
CUST098,First98,Last98,1985-01-01,M,9000000098,user98@mail.com,98 Street Lane,Hyderabad,TS,500001,Tier1
CUST099,First99,Last99,1985-01-01,F,9000000099,user99@mail.com,99 Street Lane,Hyderabad,TS,500001,Tier2
CUST100,First100,Last100,1985-01-01,M,9000000100,user100@mail.com,100 Street Lane,Hyderabad,TS,500001,Tier1
